Article_Name,DateTime,Author
A perfect blend of art & theatre,"May 18, 2018, 00:00 IST",
Madras HC reserves orders on plea seeking quashing of clearance for Vedanta plant,"Updated: May 18, 2018, 14:27 IST",
Essential for TDP to win 2019 polls: CM,"Updated: May 18, 2018, 00:20 IST",
DMK MLA booked for abusing journo,"Updated: May 18, 2018, 00:19 IST",
"CISCE to set question papers for Class IX, XI","May 18, 2018, 12:47 IST",Preetu Nair
"Dil Se Dil Tak written update May 17, 2018: Parth tells Iqbal about Teni's past","May 18, 2018, 12:46 IST",
Bareilly jumps to third spot on state performance index,"Updated: May 18, 2018, 12:48 IST",Pankul Sharma
'Maa ki Saugandh' to decrease road casualties in Udaipur,"Updated: May 18, 2018, 13:12 IST",
Cambridge Analytica files for bankruptcy in US,"Updated: May 18, 2018, 14:34 IST",
"Missing Anand Singh, Patil send rumour mills buzzing","May 18, 2018, 12:44 IST",
Gemini Ganesan's daughter lashes out at 'Nadigayar Thilagam',"May 18, 2018, 12:43 IST",
Two cameras stolen from PTR's Haripur range,"Updated: May 18, 2018, 12:45 IST",Keshav Agrawal
"Mozart was not an alcoholic, suggests a new book","May 18, 2018, 12:42 IST",
Security features must for school buses by Onam,"May 18, 2018, 12:42 IST",KP Saikiran
Cannes: Black actresses protest against racism,"May 18, 2018, 12:41 IST",
BMC to launch month-long clean-up drive in Bareilly in wake of Ramzan,"Updated: May 18, 2018, 12:41 IST",Maria Khan
Kalyan Dev wraps up shooting of his debut film; begins dubbing,"Updated: May 18, 2018, 12:39 IST",
"Ishq Mein Marjawan written update, May 17, 2018: Arohi finds Deep's old locket","Updated: May 18, 2018, 12:41 IST",
CM Pinarayi Vijayan appeals to govt staff for restraint on social media,"May 18, 2018, 12:38 IST",
MCI bans 10 doctors for posing as fake faculty,"May 18, 2018, 12:34 IST",Rajiv G
AMU professor receives National Geoscience Award 2017,"Updated: May 18, 2018, 12:36 IST",
AMUSU to legally pursue demand for judicial probe into May 2 violence,"Updated: May 18, 2018, 12:34 IST",
I went into depression after Koi Aap Sa's failure: Anita Hassanandani,"Updated: May 18, 2018, 12:33 IST",Vijaya Tiwari
BJP may shore up numbers with Operation Lotus 2.0,"Updated: May 18, 2018, 12:34 IST",
HD Deve Gowda visits Balaji temple on his birthday,"May 18, 2018, 12:30 IST",Sreebaala Vadlapatla
"Stay safe, Ahmedabad! The heat is on!",,
"Troll gangs have a gala time, spare none on social media","Updated: May 18, 2018, 12:32 IST",
Shivendra Singh Dungarpur to speak about film preservation at the Academy of Motion Pictures,"May 18, 2018, 12:29 IST",Zinia Sen
Prakash Jha all praise for Ramdhanu,"Updated: May 18, 2018, 12:27 IST",
Police to now give alcoholics a chance to turn a new leaf,"May 18, 2018, 12:26 IST",Debabrata Mohapatra
"Saat Bhai Champa written update, May 17, 2018: Parul gets injured on her way to Neelkunda","May 18, 2018, 12:25 IST",
"Agra varsity teachers complaint against VC to PM Narendra Modi, governor Ram Naik","Updated: May 18, 2018, 12:30 IST",
"24,000 transmission towers, electric poles uprooted in 4 dust storms that swept UP","Updated: May 18, 2018, 12:22 IST",Arvind Chauhan
Karnataka politics hot topic in Chengannur,"May 18, 2018, 12:17 IST",
Two youths drown while swimming in canal to get away from scorching heat in Firozabad,"May 18, 2018, 12:17 IST",
A curious case of Jayanagar & Ramalinga Reddy family,"May 18, 2018, 12:16 IST",Chethan Kumar
Hospital told to pay Rs 1.9 lakh for botched op,"May 18, 2018, 12:16 IST",
'Kaali' movie review highlights: Vijay Antony's film is slow paced and underwhelming till now,"Updated: May 18, 2018, 13:30 IST",M Suganth
Former Bigg Boss contestant N C Aiyappa gets engaged to Anu Poovamma,"Updated: May 18, 2018, 12:18 IST",
9 pilgrims mowed down by speeding truck in UP,"May 18, 2018, 12:12 IST",
"Even owners of resorts are locked out, Supreme Court jokes","Updated: May 18, 2018, 14:41 IST",
Jenn Murray to star in 'Maleficent 2',"May 18, 2018, 12:07 IST",
Four strongmen & teams guard Congress flock,"May 18, 2018, 12:07 IST",
Three rifles missing from police post in Srinagar,"Updated: May 18, 2018, 12:08 IST",
"Gopichand, Anushka Shetty to team up again?","May 18, 2018, 12:05 IST",
"Jethmalani back in court, against BSY swearing in","May 18, 2018, 12:05 IST",
UPSC CDS II Exam 2017 result: Odisha boy tops combined defence service,"May 18, 2018, 12:05 IST",Ashok Pradhan
Sai Pallavi plays an auto driver in Dhanush's 'Maari 2',"May 18, 2018, 12:04 IST",
IPL 2018: 'Spiderman' AB de Villiers defies gravity with stunning catch,"Updated: May 18, 2018, 15:38 IST",
Cannes 2018: Twitter condemns Kangana Ranaut and Jim Sarbh's rape joke,"May 18, 2018, 12:03 IST",
Google says India anti-trust ruling could cause 'irreparable' harm,"Updated: May 18, 2018, 14:48 IST",
"Kasam Tere Pyar Ki written update, May 17, 2018 : Balraj tries to get Ranbir-Kritika married","May 18, 2018, 11:59 IST",
Man arrested for using forged letter to get admission in Bishop's school,"May 18, 2018, 11:59 IST",Ardhra Nair
Man arrested for using forged letter to get admission in Bishop's school,"May 18, 2018, 11:59 IST",Ardhra Nair
'Animal lover' Ishita turns vegetarian,"May 18, 2018, 11:57 IST",
Sridevi honoured at the Cannes Film Festival,"Updated: May 18, 2018, 23:26 IST",
IT dept cautions TDS deductors against quarterly filing default,"Updated: May 18, 2018, 11:57 IST",
Never say die: The resilience of BS Yedduryappa,"May 18, 2018, 11:53 IST",Sandeep Moudgal
Karnataka Tulu Sahitya Academy to hasten process of syllabus formation to pave way for introduction from coming academic year,"May 18, 2018, 11:52 IST",Jaideep Shenoy
Test before floor test: Getting its pick for speaker,"May 18, 2018, 11:50 IST",Manu Aiyappa
Ammy Virk: Meet Mr Cool of Pollywood,"May 18, 2018, 11:50 IST",Neha Vashist
4 boys held for burglary at Alwarpet,"May 18, 2018, 11:49 IST",
Crude oil futures up 0.60 pc on global cues,"Updated: May 18, 2018, 11:52 IST",
"Gov to HC: Rs 1,100 crore to be allocated to universities for retirement dues payment","May 18, 2018, 11:48 IST",Debashish Karmakar
China brings badminton big guns to Bangkok for Thomas and Uber Cups,"May 18, 2018, 11:47 IST",
Music konnects secret superstars,"May 18, 2018, 11:47 IST",
500 days and a billion barrels of lost oil pushes crude to $80,"May 18, 2018, 11:47 IST",
Mohanlal's 'Neerali' has yet another poster,"May 18, 2018, 11:43 IST",Deepa Soman
"KMC, Manipal doctors discover new gene causing human limb abnormalities","May 18, 2018, 11:42 IST",Kevin Mendonsa
AI-based software may help predict risk of dementia,"May 18, 2018, 11:40 IST",
Vignesh Shivn publicly proposes to Nayanthara,"May 18, 2018, 11:39 IST",
Kejriwal seeks PM's intervention to prevent water crisis in Delhi,"May 18, 2018, 11:39 IST",
AERB chief to inaugurate MSc course at Mangalore University today,"May 18, 2018, 11:38 IST",Jaideep Shenoy
"Celebrations after trust vote, says  BS Yeddyurappa","May 18, 2018, 11:38 IST",
"Shortage of faculty, old syllabi to blame","May 18, 2018, 11:32 IST",Mohita Tewari
Congress-JD(S) rivals bond over common enemy,"Updated: May 18, 2018, 15:03 IST",
TS EAMCET 2018 Result to be declared on May 19 @ eamcet.tsche.ac.in; check updates,"May 18, 2018, 11:30 IST",
"Use NREGA to end agriculture labour crisis, Kavitha urges Modi","May 18, 2018, 11:30 IST",Ch Sushil Rao
Loan waiver headline has to wait,"May 18, 2018, 11:29 IST",
Raghubar Das urges banks to release development funds without delay,"Updated: May 18, 2018, 11:32 IST",
"Yeh Rishta Kya Kehlata Hai written update May 17, 2018: Shubham fights for his life","May 18, 2018, 11:26 IST",
Test discard Moeen says IPL stint will make him better ODI player,"May 18, 2018, 11:27 IST",
Indians taking more spiritual trips this summer: Study,"May 18, 2018, 11:25 IST",
China stands to gain in Iran after US quits nuclear deal,"May 18, 2018, 11:24 IST",
Supreme Court orders floor test in Karnataka assembly on Saturday,"Updated: May 18, 2018, 15:37 IST",
Yeddyurappa: the clerk who made it big in corridors of power,"May 18, 2018, 11:23 IST",
Mohali cops seal 15 illegal immigration offices,"Updated: May 18, 2018, 11:25 IST",
Dynastic politics should stop: Varun Gandhi,"Updated: May 18, 2018, 11:27 IST",Dhritiman Ray
"Medak man flew to Saudi in 2013, missing since then","May 18, 2018, 11:22 IST",
"7 held for rioting, land grabbing","May 18, 2018, 11:22 IST",
"Kusum Dola written update, May 17, 2018: Ranajay is leaving for Ujanpur","Updated: May 18, 2018, 11:22 IST",
Success mantra for IIT-JEE Advanced,"May 18, 2018, 11:20 IST",Geetanjali Dhalia
A perfect blend of art & theatre,"May 18, 2018, 00:00 IST",
City still hopes to make it to Swachh top 10,"Updated: May 18, 2018, 00:22 IST",
"As colleges hike fee at will, govt evasive","Updated: May 18, 2018, 14:07 IST",Sampath Kumar
Kin of Ockhi victims collect fund for state-of-the-art rescue boat,"May 18, 2018, 00:21 IST",M K Ananth
Rajasthan releases list of 22 JMC standing committees,"Updated: May 18, 2018, 12:42 IST",
"CISCE to set question papers for Class IX, XI","May 18, 2018, 12:47 IST",Preetu Nair
"Dil Se Dil Tak written update May 17, 2018: Parth tells Iqbal about Teni's past","May 18, 2018, 12:46 IST",
Bareilly jumps to third spot on state performance index,"Updated: May 18, 2018, 12:48 IST",Pankul Sharma
'Maa ki Saugandh' to decrease road casualties in Udaipur,"Updated: May 18, 2018, 13:12 IST",
Cambridge Analytica files for bankruptcy in US,"Updated: May 18, 2018, 14:34 IST",
"Missing Anand Singh, Patil send rumour mills buzzing","May 18, 2018, 12:44 IST",
Gemini Ganesan's daughter lashes out at 'Nadigayar Thilagam',"May 18, 2018, 12:43 IST",
Two cameras stolen from PTR's Haripur range,"Updated: May 18, 2018, 12:45 IST",Keshav Agrawal
"Mozart was not an alcoholic, suggests a new book","May 18, 2018, 12:42 IST",
Security features must for school buses by Onam,"May 18, 2018, 12:42 IST",KP Saikiran
Cannes: Black actresses protest against racism,"May 18, 2018, 12:41 IST",
BMC to launch month-long clean-up drive in Bareilly in wake of Ramzan,"Updated: May 18, 2018, 12:41 IST",Maria Khan
Kalyan Dev wraps up shooting of his debut film; begins dubbing,"Updated: May 18, 2018, 12:39 IST",
"Ishq Mein Marjawan written update, May 17, 2018: Arohi finds Deep's old locket","Updated: May 18, 2018, 12:41 IST",
CM Pinarayi Vijayan appeals to govt staff for restraint on social media,"May 18, 2018, 12:38 IST",
MCI bans 10 doctors for posing as fake faculty,"May 18, 2018, 12:34 IST",Rajiv G
AMU professor receives National Geoscience Award 2017,"Updated: May 18, 2018, 12:36 IST",
AMUSU to legally pursue demand for judicial probe into May 2 violence,"Updated: May 18, 2018, 12:34 IST",
I went into depression after Koi Aap Sa's failure: Anita Hassanandani,"Updated: May 18, 2018, 12:33 IST",Vijaya Tiwari
BJP may shore up numbers with Operation Lotus 2.0,"Updated: May 18, 2018, 12:34 IST",
HD Deve Gowda visits Balaji temple on his birthday,"May 18, 2018, 12:30 IST",Sreebaala Vadlapatla
"Stay safe, Ahmedabad! The heat is on!",,
"Troll gangs have a gala time, spare none on social media","Updated: May 18, 2018, 12:32 IST",
Shivendra Singh Dungarpur to speak about film preservation at the Academy of Motion Pictures,"May 18, 2018, 12:29 IST",Zinia Sen
Prakash Jha all praise for Ramdhanu,"Updated: May 18, 2018, 12:27 IST",
Police to now give alcoholics a chance to turn a new leaf,"May 18, 2018, 12:26 IST",Debabrata Mohapatra
"Saat Bhai Champa written update, May 17, 2018: Parul gets injured on her way to Neelkunda","May 18, 2018, 12:25 IST",
"Agra varsity teachers complaint against VC to PM Narendra Modi, governor Ram Naik","Updated: May 18, 2018, 12:30 IST",
"24,000 transmission towers, electric poles uprooted in 4 dust storms that swept UP","Updated: May 18, 2018, 12:22 IST",Arvind Chauhan
Karnataka politics hot topic in Chengannur,"May 18, 2018, 12:17 IST",
Two youths drown while swimming in canal to get away from scorching heat in Firozabad,"May 18, 2018, 12:17 IST",
A curious case of Jayanagar & Ramalinga Reddy family,"May 18, 2018, 12:16 IST",Chethan Kumar
Hospital told to pay Rs 1.9 lakh for botched op,"May 18, 2018, 12:16 IST",
'Kaali' movie review highlights: Vijay Antony's film is slow paced and underwhelming till now,"Updated: May 18, 2018, 13:30 IST",M Suganth
Former Bigg Boss contestant N C Aiyappa gets engaged to Anu Poovamma,"Updated: May 18, 2018, 12:18 IST",
9 pilgrims mowed down by speeding truck in UP,"May 18, 2018, 12:12 IST",
"Even owners of resorts are locked out, Supreme Court jokes","Updated: May 18, 2018, 14:41 IST",
Jenn Murray to star in 'Maleficent 2',"May 18, 2018, 12:07 IST",
Four strongmen & teams guard Congress flock,"May 18, 2018, 12:07 IST",
Three rifles missing from police post in Srinagar,"Updated: May 18, 2018, 12:08 IST",
"Gopichand, Anushka Shetty to team up again?","May 18, 2018, 12:05 IST",
"Jethmalani back in court, against BSY swearing in","May 18, 2018, 12:05 IST",
UPSC CDS II Exam 2017 result: Odisha boy tops combined defence service,"May 18, 2018, 12:05 IST",Ashok Pradhan
Sai Pallavi plays an auto driver in Dhanush's 'Maari 2',"May 18, 2018, 12:04 IST",
IPL 2018: 'Spiderman' AB de Villiers defies gravity with stunning catch,"Updated: May 18, 2018, 15:38 IST",
Cannes 2018: Twitter condemns Kangana Ranaut and Jim Sarbh's rape joke,"May 18, 2018, 12:03 IST",
Google says India anti-trust ruling could cause 'irreparable' harm,"Updated: May 18, 2018, 14:48 IST",
"Kasam Tere Pyar Ki written update, May 17, 2018 : Balraj tries to get Ranbir-Kritika married","May 18, 2018, 11:59 IST",
Man arrested for using forged letter to get admission in Bishop's school,"May 18, 2018, 11:59 IST",Ardhra Nair
Man arrested for using forged letter to get admission in Bishop's school,"May 18, 2018, 11:59 IST",Ardhra Nair
'Animal lover' Ishita turns vegetarian,"May 18, 2018, 11:57 IST",
Sridevi honoured at the Cannes Film Festival,"Updated: May 18, 2018, 23:26 IST",
IT dept cautions TDS deductors against quarterly filing default,"Updated: May 18, 2018, 11:57 IST",
Never say die: The resilience of BS Yedduryappa,"May 18, 2018, 11:53 IST",Sandeep Moudgal
Karnataka Tulu Sahitya Academy to hasten process of syllabus formation to pave way for introduction from coming academic year,"May 18, 2018, 11:52 IST",Jaideep Shenoy
Test before floor test: Getting its pick for speaker,"May 18, 2018, 11:50 IST",Manu Aiyappa
Ammy Virk: Meet Mr Cool of Pollywood,"May 18, 2018, 11:50 IST",Neha Vashist
4 boys held for burglary at Alwarpet,"May 18, 2018, 11:49 IST",
Crude oil futures up 0.60 pc on global cues,"Updated: May 18, 2018, 11:52 IST",
"Gov to HC: Rs 1,100 crore to be allocated to universities for retirement dues payment","May 18, 2018, 11:48 IST",Debashish Karmakar
China brings badminton big guns to Bangkok for Thomas and Uber Cups,"May 18, 2018, 11:47 IST",
Music konnects secret superstars,"May 18, 2018, 11:47 IST",
500 days and a billion barrels of lost oil pushes crude to $80,"May 18, 2018, 11:47 IST",
Mohanlal's 'Neerali' has yet another poster,"May 18, 2018, 11:43 IST",Deepa Soman
"KMC, Manipal doctors discover new gene causing human limb abnormalities","May 18, 2018, 11:42 IST",Kevin Mendonsa
Vignesh Shivn publicly proposes to Nayanthara,"May 18, 2018, 11:39 IST",
AI-based software may help predict risk of dementia,"May 18, 2018, 11:40 IST",
AERB chief to inaugurate MSc course at Mangalore University today,"May 18, 2018, 11:38 IST",Jaideep Shenoy
"Celebrations after trust vote, says  BS Yeddyurappa","May 18, 2018, 11:38 IST",
Kejriwal seeks PM's intervention to prevent water crisis in Delhi,"May 18, 2018, 11:39 IST",
Congress-JD(S) rivals bond over common enemy,"Updated: May 18, 2018, 15:03 IST",
"Shortage of faculty, old syllabi to blame","May 18, 2018, 11:32 IST",Mohita Tewari
TS EAMCET 2018 Result to be declared on May 19 @ eamcet.tsche.ac.in; check updates,"May 18, 2018, 11:30 IST",
"Use NREGA to end agriculture labour crisis, Kavitha urges Modi","May 18, 2018, 11:30 IST",Ch Sushil Rao
Raghubar Das urges banks to release development funds without delay,"Updated: May 18, 2018, 11:32 IST",
Loan waiver headline has to wait,"May 18, 2018, 11:29 IST",
Test discard Moeen says IPL stint will make him better ODI player,"May 18, 2018, 11:27 IST",
"Yeh Rishta Kya Kehlata Hai written update May 17, 2018: Shubham fights for his life","May 18, 2018, 11:26 IST",
Indians taking more spiritual trips this summer: Study,"May 18, 2018, 11:25 IST",
China stands to gain in Iran after US quits nuclear deal,"May 18, 2018, 11:24 IST",
Yeddyurappa: the clerk who made it big in corridors of power,"May 18, 2018, 11:23 IST",
Supreme Court orders floor test in Karnataka assembly on Saturday,"Updated: May 18, 2018, 15:37 IST",
Mohali cops seal 15 illegal immigration offices,"Updated: May 18, 2018, 11:25 IST",
Dynastic politics should stop: Varun Gandhi,"Updated: May 18, 2018, 11:27 IST",Dhritiman Ray
"Medak man flew to Saudi in 2013, missing since then","May 18, 2018, 11:22 IST",
"7 held for rioting, land grabbing","May 18, 2018, 11:22 IST",
"Kusum Dola written update, May 17, 2018: Ranajay is leaving for Ujanpur","Updated: May 18, 2018, 11:22 IST",
Success mantra for IIT-JEE Advanced,"May 18, 2018, 11:20 IST",Geetanjali Dhalia
Ramzan begins same day in India & Saudi,"May 18, 2018, 11:19 IST",
Hottest day of the season in Bhopal at 43.7 degree Celsius,"May 18, 2018, 11:19 IST",
Many missed roza over date confusion,"May 18, 2018, 11:17 IST",
CM K Chandrasekhar Rao orders probe into MBBS scam,"May 18, 2018, 11:17 IST",
Sexual intimacy in old age not linked with memory loss,"May 18, 2018, 11:17 IST",
"Rape survivor turns hostile, HC directs recovery of relief","May 18, 2018, 11:16 IST",
"Rape survivor turns hostile, HC directs recovery of relief","May 18, 2018, 11:16 IST",
Faith prevails over summer heat for first-time rozedaars,"May 18, 2018, 11:16 IST",
"Odisha +2 result 2018: CHSE Odisha Board 12th Science Result tomorrow, register here for result","May 18, 2018, 11:14 IST",Minati Singha
PM Modi greets H D Deve Gowda on birthday,"Updated: May 18, 2018, 11:30 IST",
Money for fake medical certificate: Corruption lens falls on OGH doctor,"May 18, 2018, 11:13 IST",
"Only 60,000 engineering seats on offer this year","May 18, 2018, 11:12 IST",Ramendra Singh
"Only 60,000 engineering seats on offer this year","May 18, 2018, 11:12 IST",Ramendra Singh
Globally 25mn unsafe abortions take place every year: Report,"May 18, 2018, 11:12 IST",
Bengali actress Sreelekha Mitra admitted to hospital,"May 18, 2018, 11:11 IST",Sankha Ghosh
Depression in male partner may lower pregnancy chances,"May 18, 2018, 11:11 IST",
100-year-old tree collapses on hotel at Moghalpura Road,"May 18, 2018, 11:09 IST",
Hazard warning for United as troubled Chelsea eye FA Cup salvation,"May 18, 2018, 11:08 IST",
"Rahul Gandhi hits out at BJP, says Constitution under attack","Updated: May 18, 2018, 11:13 IST",Rashmi Drolia
Bihar board 12th result 2018: BSEB Intermediate Result expected next week,"May 18, 2018, 11:02 IST",
Six former UP CMs get notice to quit bungalows,"May 18, 2018, 11:01 IST",
Yechury to inaugurate Nayanar Academy in Kannur,"May 18, 2018, 11:01 IST",P Sudhakaran
"Bigg Boss Marathi written update, May 17, 2018: Day 23, Harshada Khanvilkar enters the house as a wild card entry; calls Resham a 'Home Breaker'","May 18, 2018, 11:00 IST",
"Malaysia seizes luxury bags, cash, jewelry in probe of ex-PM","May 18, 2018, 10:59 IST",
"Donald Trump defends 'animals' remark, says will continue to use it","Updated: May 18, 2018, 15:09 IST",
TOI seminar to help Class XII grads explore career options,"Updated: May 18, 2018, 11:00 IST",
Former Bigg Boss contestant Tsunami Kitty released on bail,"Updated: May 18, 2018, 11:00 IST",
"17-year-old girl molested in Habibganj, accused nabbed","May 18, 2018, 10:55 IST",
New Chancellor appointed for Maulana Azad Urdu University,"May 18, 2018, 10:54 IST",
"Kumkum Bhagya written update, May 17, 2018: Abhi comes to know Pragya is married to King","May 18, 2018, 10:53 IST",
Uprooted trees & poles derail traffic,"May 18, 2018, 10:52 IST",
'Deadpool 2' screening: When Varun Dhawan met 'Bhavesh Joshi Superhero' and 'Deadpool',"Updated: May 18, 2018, 15:53 IST",
"Rape accused chained to railway track, loses hand","May 18, 2018, 10:48 IST",Faiz Rahman Siddiqui
Gina Haspel confirmed as new CIA director,"May 18, 2018, 10:46 IST",
Southgate happy to let England stars off the leash,"May 18, 2018, 10:46 IST",
Arjun is part of Vijay Antony's 'Kolaikaran',"May 18, 2018, 10:42 IST",M Suganth
"Nagaland HSLC, HSSLC Results 2018: NBSE class 10, 12 results declared; check it here","Updated: May 18, 2018, 13:19 IST",
I am doing Rajinikanth's film with Karthik Subbaraj: Thirunavukkarasu,"May 18, 2018, 10:41 IST",M Suganth
LIFE mission faces uncertain future,"May 18, 2018, 10:35 IST",Aswin J Kumar
Wodehouse prize for comic fiction withheld for this year,"Updated: May 18, 2018, 10:59 IST",
"Retains RNN post, courtesy Keshav Prasad Maurya","May 18, 2018, 10:34 IST",Subhash Mishra
20 experiential tour packages soon,"May 18, 2018, 10:33 IST",
A cleaner Mullassery canal can reduce waterlogging,"May 18, 2018, 10:30 IST",
"Bepannah written update May 17, 2018: Zoya gets compelled to wear the magalsutra","Updated: May 18, 2018, 10:32 IST",
"Yeh Hai Mohabbatein written update May 17, 2018: Adi beats Aaliya, Raman throws him out of the house","Updated: May 22, 2018, 23:18 IST",
"Gaviria wins California fifth stage, Van Garderen keeps overall lead","May 18, 2018, 10:28 IST",
"To avoid poaching, Congress, JD(S) MLAs now holed up at Hyderabad hotel ahead of tomorrow's floor test","Updated: May 18, 2018, 19:28 IST",U Sudhakar Reddy
"Petrol price hiked by another 29 paise, diesel goes past Rs 67 a litre","Updated: May 18, 2018, 11:40 IST",
Dedicated utility ducts still a distant dream,"May 18, 2018, 10:22 IST",
Eder and Nani miss out on Portugal World Cup squad,"May 18, 2018, 10:18 IST",
Tobacco use down to 12.7% in kerala: Study,"May 18, 2018, 10:16 IST",
Telangana EAMCET 2018 results to be declared today @ eamcet.tsche.ac.in,"Updated: May 19, 2018, 10:53 IST",
"Taarak Mehta Ka Ooltah Chashmah written update, May 17, 2018: Jethalal is in trouble","May 18, 2018, 10:12 IST",
Government to help workers laid-off by telcos: Secy,"Updated: May 18, 2018, 10:28 IST",
Karnataka election results 2018: BJP's Yeddyurappa sworn-in as Karnataka CM; Congress-JD (S) protests at Vidhan Sabha,"May 18, 2018, 10:06 IST",
Washington seeks global 'coalition' against Iran regime,"Updated: May 18, 2018, 10:59 IST",
Washington seeks global 'coalition' against Iran regime,"May 18, 2018, 10:05 IST",
Sharapova has good 'inner feeling' ahead of French Open return,"May 18, 2018, 10:05 IST",
"Ishqbaaz written update May 17, 2018: Shivaay learns Devyani is a fraudster","May 18, 2018, 10:04 IST",
'Excited and scared': Hawaii volcano spews huge cloud of ash,"May 18, 2018, 10:04 IST",
'Excited and scared': Hawaii volcano spews huge cloud of ash,"May 18, 2018, 10:04 IST",
Long legs make women go weak in the knees,"May 18, 2018, 10:03 IST",
Smart City works may kick off in August,"May 18, 2018, 10:02 IST",Greeshma Gopal Giri
NGO helps ailing patient find home for her kids,"May 18, 2018, 10:02 IST",Siddharth Gaikwad
Hafiz Saeed's continued freedom a 'tremendous concern': US,"Updated: May 18, 2018, 10:02 IST",
Celebs galore at Drishtikone's special screening,"May 18, 2018, 10:00 IST",Srishti Dasgupta
Celebs galore at Drishtikone's special screening,"May 18, 2018, 10:00 IST",Srishti Dasgupta
Man held for abusing minor,"May 18, 2018, 09:58 IST",
MNF president files defamation case against Congress mouthpiece,"Updated: May 18, 2018, 09:58 IST",
Unauthorized cables choking Kochi drains,"May 18, 2018, 09:54 IST",M K Sunil Kumar
"Congress to stake claim in Manipur, Meghalaya","May 18, 2018, 09:53 IST",
"Payet left out of France World Cup squad, Mendy included","May 18, 2018, 09:50 IST",
Banned ozone-destroying chemical emissions rising,"May 18, 2018, 09:49 IST",
Tripura Congress seeks zero line fencing along Bangla border,"Updated: May 18, 2018, 09:51 IST",
"Honour killing: 17 years later, 2 held guilty","May 18, 2018, 09:48 IST",
Can't take up journo murder: CBI,"Updated: May 18, 2018, 09:47 IST",Biswendu Bhattacharjee
"IPL 2018 play-offs qualification: Five matches, five teams, two spots","Updated: May 18, 2018, 13:47 IST",
Ostapenko ousts Konta in Rome to set up Sharapova clash,"May 18, 2018, 09:43 IST",
How drinking coffee can boost productivity,"May 18, 2018, 09:42 IST",
2 Ulfa-I linkmen nabbed at Sonari,"Updated: May 18, 2018, 09:40 IST",Rajib Dutta
Wozniacki battles into Rome quarter-finals,"May 18, 2018, 09:38 IST",
IPS officer's Facebook post on truce sparks debate,"Updated: May 18, 2018, 09:46 IST",Dwaipayan Ghosh
"Hawaii volcano erupts 6 mile-high plume, could blow again within hours","May 18, 2018, 09:35 IST",
"Markets dive again, Sensex comes close to slipping below 35,000-mark","May 18, 2018, 09:35 IST",
LS polls: BJP ready to lay groundwork,"Updated: May 18, 2018, 09:37 IST",Prabin Kalita
Elderly woman dies in fall while getting aboard moving train at Avadi station,"May 18, 2018, 09:34 IST",
Artificial Intelligence can spot children nodding off in classroom,"Updated: May 18, 2018, 09:37 IST",
'Chhappa' at counting table to thwart BJP's victory,"Updated: May 18, 2018, 09:35 IST",Ashis Poddar
Guwahati residents asked to take precautions against dengue,"Updated: May 18, 2018, 09:32 IST",
No new medical colleges or seats in Tamil Nadu this year,"May 18, 2018, 09:26 IST",Pushpa Narayan
Suspended APSC member arrested in cash-for-job scam,"Updated: May 18, 2018, 09:28 IST",
Djokovic reaches first quarter-final of 2018 in Rome,"May 18, 2018, 09:26 IST",
Rich medal haul for Punjab shooters,"May 18, 2018, 09:21 IST",Kartik Sood
First of its kind: BCCI's finance team gets a holiday,"Updated: May 18, 2018, 10:15 IST",Indranil Basu
'Secret tunnel' to Bangladesh found in Karimganj,"May 18, 2018, 09:26 IST",
Prime accused in Shweta murder case granted bail,"Updated: May 18, 2018, 09:20 IST",Pranjal Baruah
"Axed Phogat sisters claim injury, Ravita had BA exams","May 18, 2018, 09:15 IST",Kartik Sood
Clarity an ally for Jasprit Bumrah at the death,"May 18, 2018, 09:12 IST",Sudheendra Tripathi
Boxers to train abroad for Asiad,"May 18, 2018, 09:08 IST",Sabi Hussain
Wake-up call for Trinamool after lotus blooms in tribal belts across north and south Bengal,"May 18, 2018, 09:02 IST",
Superintendent of Mansa jail held in corruption case,"Updated: May 18, 2018, 09:40 IST",Neel Kamal
Baljit Singh Sandhu kept on switching hideouts,"May 18, 2018, 08:50 IST",
'Aadhaar tied to just 2% of PDS exclusion',"May 18, 2018, 08:46 IST",Mahendra K Singh
"Airport to pay for trolley maintenance, handlers","Updated: May 18, 2018, 14:57 IST",Tamaghna Banerjee
IPL 2018: Rishabh Pant looks to build reputation against Dhoni's CSK in dead rubber,"Updated: May 18, 2018, 09:02 IST",Arani Basu
SC agrees to hear IIT group's Section 377 plea,"Updated: May 18, 2018, 10:54 IST",
FIFA World Cup: Didier has the tools to emulate Kaiser,"May 18, 2018, 08:39 IST",
"West Bengal panchayat election: TMC races ahead, BJP main rival","Updated: May 18, 2018, 08:41 IST",
Researchers discover a new species of frog in Mangaluru,"Updated: May 18, 2018, 08:37 IST",Kevin Mendonsa
Audit flags Rs 100 crore 'scam' in Tamil Nadu varsity,"Updated: May 18, 2018, 08:35 IST",Shanmughasundaram J
IPL 2018: RCB survive Williamson scare to stay alive,"May 18, 2018, 08:26 IST",
"FIFA World Cup: Marc-Andre ter Stegen, David De Gea will the ones to watch out for: Sandhu","Updated: May 18, 2018, 08:32 IST",
People charged with crime against women to lose driving licence in Indore,"Updated: May 18, 2018, 09:11 IST",Sagar Choukse
"OLA, Uber drivers on hunger strike from today","Updated: May 18, 2018, 08:13 IST",
"Modi, Rahul wish Deve Gowda on his birthday, Rahul also apologises","Updated: May 18, 2018, 13:34 IST",
BCCI warns world body against cutting their revenue share,"May 18, 2018, 08:10 IST",Arani Basu
Tyre killers to fines and therapy: TOI readers say what can stop wrong-side driving,"May 18, 2018, 08:09 IST",
"MLAs quiz hospitals on EWS patients, transplant ops on foreigners","May 18, 2018, 08:04 IST",Gayas Eapen
"Mistake or advance? Rs 4.6 crore paid to agency, says Gurugram councillor","May 18, 2018, 08:01 IST",Rao Jaswant Singh
Doing away with toss in Test cricket not sensible: Bishan Singh Bedi,"Updated: May 18, 2018, 08:30 IST",K Shriniwas Rao
"For 3 hours, cook driven around as ransom worked out","May 18, 2018, 07:57 IST",Bagish Jha
"Ensure that Fridays are strife-free, Gurugram residents tell deputy commissioner","May 18, 2018, 07:58 IST",
Post-matric scholarship scheme for SC students under financial scrutiny,"Updated: May 18, 2018, 10:51 IST",
Woman SHO suspended in graft case,"Updated: May 18, 2018, 10:37 IST",
"Vigilance bureats arrests PSPCL lineman, middleman accepting bribe","Updated: May 18, 2018, 10:27 IST",
Bantony Castle to be renovated: Jai Ram Thakur,"Updated: May 18, 2018, 10:03 IST",
Chandigarh DGP to monitor Haryana judicary paper leak probe,"Updated: May 18, 2018, 10:46 IST",
One booked for raping 21-year-old on pretext of marriage,"Updated: May 18, 2018, 10:18 IST",
Congress MLA threatens stir over Kinnaur project advisory panel,"Updated: May 18, 2018, 09:58 IST",Anand Bodh
Man pushes sister into canal over suspected affair,"Updated: May 18, 2018, 09:49 IST",
Man held for throwing black oil on CM Manohar Lal Khattar in Hisar,"Updated: May 18, 2018, 17:10 IST",
Power generation hit as cold conditions prevail in HP,"Updated: May 18, 2018, 09:44 IST",
"Teen electrocuted, MC drive turns violent","Updated: May 18, 2018, 09:28 IST",Nidhi Bhardwaj
BSF jawan martyred in Pakistan firing along international border in Jammu,"Updated: May 18, 2018, 08:35 IST",
Next NGT hearing on Sehrawan toll in July,"May 18, 2018, 07:48 IST",Rohit E David
HSSC chairman suspended for question on Brahmins,"Updated: May 18, 2018, 08:52 IST",
Passport blues: Cop check takes longest in Bengal,"May 18, 2018, 07:46 IST",Krishnendu Bandyopadhyay
"Roof collapse kills woman in burning house, worker charred","May 18, 2018, 07:46 IST",Sanjay Yadav
Police track down gang that cleaned out Rs 1cr from 17 ATMs,"May 18, 2018, 07:41 IST",Bagish Jha
"Huda workers threaten strike, seek transfer of surplus staff to GMDA","May 18, 2018, 07:41 IST",Chetna Choudhry
Chandigarh back to reciting times tables,"Updated: May 18, 2018, 10:21 IST",Sanjeev Verma
Six of gang that waylaid and robbed Amazon trucks held,"May 18, 2018, 07:40 IST",Bagish Jha
"Lab experiment goes wrong, firestorm sweeps Panchkula forest","Updated: May 18, 2018, 08:16 IST",
6 companies of paramilitary forces to be deployed at Shahkot for bypoll,"Updated: May 18, 2018, 11:11 IST",
"Disgruntled over cabinet expansion, Congress MLAs wait to meet Rahul Gandhi","Updated: May 18, 2018, 10:34 IST",
BE-chemical MBA course to be run this session,"Updated: May 18, 2018, 09:01 IST",Vishakha Chaman
First H-Rera FIR filed against Ansal Housing,"May 18, 2018, 07:39 IST",
"Car hits wall in poorly lit underpass and turns turtle, woman survives","May 18, 2018, 07:39 IST",Sanjay Yadav
"Prey base drained, gharials and dolphins under threat","May 18, 2018, 07:25 IST",Vikram Jit Singh
Deepak Kaushik is PUSA president,"Updated: May 18, 2018, 09:22 IST",
Senate mulls 5% fee hike for institutions affiliated to PU,"Updated: May 18, 2018, 09:22 IST",
Verdict on gutka case by Supreme Court today,"May 18, 2018, 07:20 IST",
Child panel to visit playschools after 3-year-old hit by teacher,"May 18, 2018, 07:19 IST",Rohit E David
Galand solid waste plant to be ready in seven months,"May 18, 2018, 07:18 IST",Abhijay Jha
Toilets exceed target but no upkeep plan yet,"May 18, 2018, 07:17 IST",Aditya Dev
200 investors to attend realty summit on June 1,"May 18, 2018, 07:17 IST",Chetna Choudhry
"GDA plan works in Indirapuram, not Raj Nagar Extension","May 18, 2018, 07:16 IST",Ayaskant Das
"Resident empty bins in Dadumajra park, fills it with waste","Updated: May 18, 2018, 09:14 IST",
"House wants markets unclogged, MCG vows 72-hour anti-squatter drive","May 18, 2018, 07:16 IST",
"Ghaziabad up 315 places on cleanliness ladder, but work far from over","Updated: May 18, 2018, 08:59 IST",
"Youth killed, 5 injured as truck and auto collide","May 18, 2018, 07:15 IST",
"Woman dies after delivery, kin protest","May 18, 2018, 07:15 IST",
MC dustbins small? Buy them yourself: Kirron Kher,"Updated: May 18, 2018, 09:09 IST",
CEO authority agrees on rationalising water tariff hike with RWA meet,"May 18, 2018, 07:14 IST",Meenakshi Sinha
Overflowing dumpsters pollute Sector 20,"May 18, 2018, 07:14 IST",
Senate needs full house for key vote on May 27: VC Arun Kumar Grover,"Updated: May 18, 2018, 08:11 IST",Vishakha Chaman
Liquor shelves empty as Chandigarh fails to fix ex-distillery price,"Updated: May 18, 2018, 08:01 IST",Vinod Kumar
Body fished from Ghaggar is of Mauli Jagran Urdu teacher,"Updated: May 18, 2018, 07:55 IST",
Youth held for blackmailing MBBS student,"May 18, 2018, 07:07 IST",
Low power tariff brings no relief for industry,"Updated: May 18, 2018, 07:47 IST",Vinod Kumar
Amitabh Bachchan: Mobile phone has become our alter ego,"Updated: May 18, 2018, 06:58 IST",
Flight with KKR players wobbles in air,"May 18, 2018, 06:49 IST",
Bhagwati Power top bidder for Adhunik Alloy,"May 18, 2018, 06:41 IST",
'Bowel diseases on rise due to lack of awareness',"Updated: May 18, 2018, 06:41 IST",
Will take all possible steps to help ailing PSBs: Piyush Goyal,"Updated: May 18, 2018, 08:55 IST",
Closure of roads: SCB sends report on military violations,"May 18, 2018, 06:37 IST",Sunil Mungara
9-year girl injured in second attack by dogs in 12 hours,"Updated: May 18, 2018, 10:11 IST",
RTE school allotments today,"Updated: May 18, 2018, 06:44 IST",
The Weather Company ties up with Times Bridge,"May 18, 2018, 06:36 IST",
"Tax collection low, Lucknow Municipal cuts budget for repairs","Updated: May 18, 2018, 10:10 IST",Priyanka Singh
Snatchers target 3 women,"May 18, 2018, 06:35 IST",
"Strays own the lake, visitors alert","May 18, 2018, 06:37 IST",
'My Best Friend' snitches on 96 copycats in SSC exam!,"Updated: May 18, 2018, 06:33 IST",Bharat Yagnik
"Domestic help, college student commit suicide","Updated: May 18, 2018, 06:34 IST",
More errors in Aadhaar data in Andhra Pradesh than in voter database,"May 18, 2018, 06:25 IST",U Sudhakar Reddy
Hubballi airport set to be busiest in North Karnataka,"Updated: May 18, 2018, 08:52 IST",Marx Tejaswi
First in US: Man dies after electronic cigarette explodes,"Updated: May 18, 2018, 06:26 IST",
Madras HC bars incentive marks for government doctors in critical care units,"Updated: May 18, 2018, 06:26 IST",
'No bar on online counselling for engineering admissions',"Updated: May 18, 2018, 06:22 IST",
STA will ask schools to authorise maxi cabs to ensure safety of children,"Updated: May 18, 2018, 06:25 IST",Kamini Mehta
"Few play by rules, chaos at Greater Noida road intersections","May 18, 2018, 06:16 IST",Shikha Salaria
20 turtle eggs found at Neknampur Lake,"May 18, 2018, 06:14 IST",Moulika.KV
Police to meet all senior citizens living alone in Noida,"May 18, 2018, 06:17 IST",Shafaque Alam
Stepmom faces court charges for hitting 5-year-old,"Updated: May 18, 2018, 06:17 IST",
"Garbage burning continues, Pallikaranai marsh faces heat","May 18, 2018, 06:17 IST",
"1 killed, seven injured in collision on EPE before its launch","May 18, 2018, 06:12 IST",
New train welcomed in Vijayapura,"Updated: May 18, 2018, 08:54 IST",
Body-in-fridge case: Hospital to release suspect,"May 18, 2018, 06:20 IST",Dwaipayan Ghosh
"Woman dies after slab falls, three injured","Updated: May 18, 2018, 06:12 IST",
"Four hurt after bus rams into bike, cabs","Updated: May 18, 2018, 06:11 IST",
1 hour of rain enough to bring city to its knees,"May 18, 2018, 06:09 IST",
"Stop naming of Anglo MLA, Cong asks SC","May 18, 2018, 06:09 IST",
"Now, mom plans special education class","May 18, 2018, 06:07 IST",Sumati Yengkhom
CBI books its asst programmer in DA case,"Updated: May 18, 2018, 06:02 IST",
Litter lurks behind complex cleaned for World Bank team visit,"May 18, 2018, 06:07 IST",
Bengal barge for aircraft carrier makes a splash,"May 18, 2018, 06:00 IST",Jayanta Gupta
Most desirable man on TV: Pradeep Machiraju,"May 18, 2018, 06:00 IST",Elina Priyadarshini Nayak
Rudhramadevi writer Rajasimha Tadinada attempts suicide in Mumbai; recovering in hospital,"May 18, 2018, 06:00 IST",
"No help from doctor, man bleeds to death in Andhra Pradesh","May 18, 2018, 05:59 IST",Srikanth Aluri
"All guns blazing, DefExpo left with jetsam of trash in wake","Updated: May 18, 2018, 09:28 IST",
DGCA to issue licences to air traffic controllers,"Updated: May 18, 2018, 05:57 IST",Saurabh Sinha
"Storm is brewing, says Met forecast","Updated: May 18, 2018, 06:00 IST",
'Avengers' past 'Jurassic World' as fourth-biggest film globally,"Updated: May 18, 2018, 06:10 IST",
"Silted canal, dug-up roads may flood Behala again this monsoon","May 18, 2018, 05:50 IST",
Bhagwati Power top bidder for Adhunik Alloy,"May 18, 2018, 05:52 IST",
'Colas not fastest growing segment',"May 18, 2018, 05:46 IST",
Congress factions want NMC to solve water problems,"Updated: May 18, 2018, 13:42 IST",
A dump yard sans boundaries,"Updated: May 18, 2018, 13:39 IST",Manka Behl
"Neeri to help treat biomedical waste at GMCH, SSH","May 18, 2018, 05:42 IST",Snehlata Shrivastav
Walmart says Flipkart buy may hit earnings per share by $0.3,"May 18, 2018, 05:38 IST",
Vicky Kaushal: Want to raise the bar with every film,"Updated: May 18, 2018, 07:54 IST",
"Release the young Lama, urge Tibetans","Updated: May 18, 2018, 09:15 IST",
UoM wall broken for Dasara yet to be fixed,"Updated: May 18, 2018, 09:08 IST",
"Put cops on traffic duty too, says LG","Updated: May 18, 2018, 05:39 IST",
"Genpact co may get Hexaware, Mphasis bids","May 18, 2018, 05:32 IST",
PNB scam: Sebi warns bank for late disclosures,"Updated: May 18, 2018, 05:36 IST",
Bullet-riddled body of youth found in jungle,"May 18, 2018, 05:43 IST",
ESI hospital upgrade to be completed soon,"Updated: May 18, 2018, 09:13 IST",R Uday Kumar
NR constituency candidates allege tampering of EVMs,"Updated: May 18, 2018, 09:06 IST",
Dwarka doctor duped twice by 2 maid placement agencies,"Updated: May 18, 2018, 05:02 IST",
Fire at Rohini mall from short circuit,"Updated: May 18, 2018, 05:00 IST",
BJP celebrates swearing in of BSY,"Updated: May 18, 2018, 08:32 IST",
Karma spares none: Ram Madhav on Vaju Vala-Deve Gowda role reversal,"Updated: May 18, 2018, 08:53 IST",Kapil Dave
Several IAS cadre posts downgraded,"May 18, 2018, 04:56 IST",
Para shuttler matches strokes with BSF IG,"May 18, 2018, 04:55 IST",
Spurned lover nabbed for stabbing husband of woman,"Updated: May 18, 2018, 06:51 IST",
"Woman dies in family scuffle, bro-in-law held","Updated: May 18, 2018, 04:53 IST",
130 US lawmakers back work permits for H-1B spouses,"Updated: May 18, 2018, 04:52 IST",
130 US lawmakers back work permits for H-1B spouses,"Updated: May 18, 2018, 04:52 IST",
State to set up hostel to nurture startups,"May 18, 2018, 04:44 IST",
Rapper Mac Miller arrested in hit-and-run case,"Updated: May 18, 2018, 05:27 IST",
Accident fatality rate rose from 21% to 38%,"Updated: May 18, 2018, 07:09 IST",Himanshu Kaushik
Vehicle numbers up 135% in 10 years,"Updated: May 18, 2018, 07:00 IST",Himanshu Kaushik
Nurse dies after road accident,"May 18, 2018, 04:40 IST",
"Hawaii volcano summit erupts, residents urged to take shelter","Updated: May 18, 2018, 11:15 IST",
Ahmedabad boy gets Rs 18L package at ICAI placements,"May 18, 2018, 04:38 IST",
Being positive in the face of adversities,"Updated: May 18, 2018, 07:06 IST",Parth Shastri
Gujarat gets $2m project for HIV prevention and care,"Updated: May 18, 2018, 07:10 IST",Parth Shastri
Firm booked for not depositing EPF dues,"May 18, 2018, 04:36 IST",
"1,209 notices issued over aquifer recharge","Updated: May 18, 2018, 07:03 IST",
2 central teams arrive too late to inspect crop damage,"May 18, 2018, 04:34 IST",
Man gets 7 years for raping minor daughter,"Updated: May 18, 2018, 04:37 IST",
Karma spares none: Ram Madhav,"May 18, 2018, 04:28 IST",Kapil Dave
Siddaramaiah's miscalculation sank Congress,"Updated: May 18, 2018, 04:28 IST",
Cannes 2018: Black actresses protest against racism,"Updated: May 18, 2018, 04:41 IST",
Doctor posts patient's pic on social media,"Updated: May 18, 2018, 04:25 IST",
Missing Mahim 13-year-old with Down's traced to Madhya Pradesh,"Updated: May 18, 2018, 04:29 IST",
2 get judicial custody for exec's murder,"May 18, 2018, 04:18 IST",
"Remove BEST chief, demand Shiv Sena and Congress","May 18, 2018, 04:21 IST",
India flouting protocol on parental abductions: US,"Updated: May 18, 2018, 04:20 IST",
Tribal meet trains guns on bullet train land acquisition,"Updated: May 18, 2018, 04:17 IST",
Six arrested for rioting over petty argument,"Updated: May 18, 2018, 15:16 IST",
"Strangled by wild roots, abode of labour rights dies a silent death","May 18, 2018, 04:12 IST",
VMC submits water meter policy to general board,"Updated: May 18, 2018, 15:17 IST",
Mercury level touches 43 degrees Celsius,"Updated: May 18, 2018, 15:19 IST",
"Duped by visa consultant, seven citizens land in Azerbaijan jail","Updated: May 18, 2018, 15:20 IST",
IMFL being trafficked from Haryana in tankers,"Updated: May 18, 2018, 06:42 IST",
"On 1st day of Ramzan, J&K terrorists kill youth","Updated: May 18, 2018, 04:14 IST",M Saleem Pandit
Farm labourer beaten to death near Chhani,"Updated: May 18, 2018, 15:21 IST",
Warrant issued against Nalin Kotadiya,"Updated: May 18, 2018, 06:37 IST",
"70-year-old loses Rs 92,000 to thief in bank","Updated: May 18, 2018, 15:22 IST",
"Man fleeced of Rs 33,000 cash borrowed to observe Ramzan","Updated: May 18, 2018, 15:23 IST",
Central Railway makes people fall in line to check stampedes at Parel,"Updated: May 18, 2018, 06:33 IST",
Will give emphasis for a Swachh Mangaluru: Mayor,"Updated: May 18, 2018, 08:43 IST",
Kenyan held with 56 kg of narcotic leaves worth Rs 5 crore,"Updated: May 18, 2018, 04:02 IST",S Ahmed Ali
DRI sleuths recover 2 kg gold from aircraft,"Updated: May 18, 2018, 08:34 IST",
Club swimming instructors booked for negligence,"Updated: May 18, 2018, 15:24 IST",
Unsparing summer leaves 100 people ill on Thursday,"Updated: May 18, 2018, 15:17 IST",
Teenager booked for stalking,"Updated: May 18, 2018, 15:25 IST",
Six cops booked for abetting suicide,"Updated: May 18, 2018, 15:27 IST",
Five get lifer for murder in Kutch,"Updated: May 18, 2018, 15:26 IST",
Surat to host consultative committee on smart city,"Updated: May 18, 2018, 15:21 IST",
Corporates rush to take cover in light of GDPR,"May 18, 2018, 04:00 IST",Ranjani Ayyar
"As superbikes vroom, OEMs ride into pre-owned retail","May 18, 2018, 04:00 IST",Nandini Sen Gupta
Villagers catch leopard cub in Veraval,"Updated: May 18, 2018, 15:24 IST",
Two children fall to death at under-construction building,"Updated: May 18, 2018, 15:25 IST",
Ex-boyfriend throws acid on Valsad woman,"Updated: May 18, 2018, 15:15 IST",
GJEPC pushing world's leading diamond firms for direct roughs supply to Surat,"Updated: May 18, 2018, 15:23 IST",
12-year-old girl charred to death in warehouse blaze,"Updated: May 18, 2018, 15:13 IST",
Police constable booked for molesting class XII girl,"Updated: May 18, 2018, 15:18 IST",
DHFL to pay 1% extra on some NCDs,"May 18, 2018, 04:00 IST",
RCom scrip up 57% on peace-pact news,"May 18, 2018, 04:00 IST",
Activist investor Elliott exits CTS,"May 18, 2018, 04:00 IST",
SIP inflow drops by 6% in April,"May 18, 2018, 04:00 IST",
Five sandalwood trees chopped in Sasan,"May 18, 2018, 04:00 IST",
Builder penalized for not maintaining hygiene at site,"Updated: May 18, 2018, 15:19 IST",
Rabid fox attacks five in Gujarat's Una village,"Updated: May 18, 2018, 09:14 IST",
"Genpact co may get Hexaware, Mphasis bids","May 18, 2018, 04:00 IST",Shilpa Phadnis
Digit ties up with e-tail biggies for mobile cover,"May 18, 2018, 04:00 IST",Mayur Shetty
Equity mutual funds bet big on defensive sectors,"May 18, 2018, 04:00 IST",M Allirajan
When governors use discretion indiscriminately,"May 18, 2018, 04:00 IST",
"Biker cries fuel 'con', beaten by pump staff","Updated: May 18, 2018, 03:59 IST",Pradeep Gupta
"BJP chief slams Rahul, recalls Emergency era","Updated: May 18, 2018, 03:58 IST",
"Western Railway desilts 40 culverts, says its rain-ready","Updated: May 18, 2018, 03:57 IST",
"Tur, chana payment delay worries farmers","Updated: May 18, 2018, 13:34 IST",Ramu Bhagwat
NTCA officials in city but Maharashtra tiger data not ready,"Updated: May 18, 2018, 13:36 IST",Vijay Pinjarkar
"Doctor hit with helmet, fractures his nasal bone","Updated: May 18, 2018, 03:52 IST",George Mendonca
NU warns against admitting PG students outside online CAP,"Updated: May 18, 2018, 13:37 IST",Sarfaraz Ahmed
'Dabbawalas' to soon deliver parcels in Mumbai,"Updated: May 18, 2018, 03:48 IST",
"TMC sweeps Bengal rural polls, BJP a surprise No. 2","Updated: May 18, 2018, 17:35 IST",
Land-filling: Nerul locals seek action,"Updated: May 18, 2018, 13:46 IST",
Canacona cops round up 100 migrant workers,"Updated: May 18, 2018, 13:47 IST",
Revenue crunch forces MPT to borrow Rs 5 crore for salaries,"Updated: May 18, 2018, 07:10 IST",
Question Kathua witnesses in front of kin: SC to cops,"Updated: May 18, 2018, 03:28 IST",
Yeddyurappa takes oath alone in subdued ceremony,"Updated: May 18, 2018, 03:24 IST",
Properties of six developers to be attached,"Updated: May 18, 2018, 03:31 IST",Nisha Nambiar
307 page charge sheet filed in Kamble double murder case,"May 18, 2018, 03:20 IST",
"Aapli buses leaving doors open for accidents, officials look the other way","Updated: May 18, 2018, 13:42 IST",Proshun Chakraborty
Bull's high: NGO gifts British royal couple rescued bovine,"Updated: May 18, 2018, 10:07 IST",
150 industrial units shut down in MIDC last year: RTI,"Updated: May 18, 2018, 13:39 IST",Vaibhav Ganjapure
ESIS begins purchasing medicines after endless wait for Haffkine supply,"Updated: May 18, 2018, 13:40 IST",Snehlata Shrivastav
NMC to conduct fresh survey for Old Bhandara Road widening,"Updated: May 18, 2018, 13:33 IST",Proshun Chakraborty
2 building sites at Merces inspected,"Updated: May 18, 2018, 13:56 IST",
One more tribal student conquers Everest,"Updated: May 18, 2018, 13:31 IST",Mazhar Ali
Back to basics for landings at airport as navigation aid off for next 3 weeks,"May 18, 2018, 03:14 IST",
"Neta, corporator's husband named in extortion plaint","Updated: May 18, 2018, 03:17 IST",Pradeep Gupta
"NH-7, Channaka barrage hem in Tipeshwar tigers","Updated: May 18, 2018, 13:18 IST",Vijay Pinjarkar
"At Sochi, Modi may discuss bilateral issues with Putin after all","Updated: May 18, 2018, 10:38 IST",Indrani Bagchi
Preserve 3.5m width for St Estevam bunds: Coastal body,"Updated: May 18, 2018, 13:40 IST",
"Paroda canal water unsafe, say locals","Updated: May 18, 2018, 06:56 IST",
State fisheries department prepares blue revolution action plan,"Updated: May 18, 2018, 13:36 IST",
Maoists call for state bandh over special status on May 21,"Updated: May 19, 2018, 14:44 IST",
Oppn states take on govt over finance panel terms,"Updated: May 18, 2018, 09:28 IST",
89% applicants clear APPGECET,"Updated: May 19, 2018, 14:47 IST",
"Survey reveals Visakhapatnam district has over 8,000 out-of-school children","Updated: May 19, 2018, 14:49 IST",Umamaheswara Rao
Paswan to PM: Avert dilution of SC/ST law,"Updated: May 18, 2018, 02:56 IST",
Mumbai University announces all law exam results finally,"Updated: May 18, 2018, 02:47 IST",
"Mono cost rises Rs 236 crore, lack of spares delays start of ops","Updated: May 18, 2018, 07:26 IST",
Gem of an idea gets ED Choksi jewels,"Updated: May 18, 2018, 02:30 IST",
"Two south Delhi colonies to get 5,000 houses for government staff by 2020","May 18, 2018, 02:21 IST",
"Landing aid off, Mumbai airport sees nearly 600 flights delayed","Updated: May 19, 2018, 09:41 IST",
"Fearing another Goa, Congress drafted SC plea for largest party to be invited first","Updated: May 18, 2018, 11:14 IST",Dhananjay Mahapatra
Jamia teachers write to registrar over safety,"Updated: May 18, 2018, 02:13 IST",
Four erring real estate firms get RERA notices,"Updated: May 18, 2018, 06:58 IST",
MCI nod to new course at IGIMS,"Updated: May 18, 2018, 15:09 IST",
Meet to discuss Science City project begins,"Updated: May 18, 2018, 06:55 IST",
New weekly train from Darbhanga to Jalandhar city,"Updated: May 18, 2018, 14:24 IST",
Nitish Kumar lays foundation for cancer institute,"Updated: May 18, 2018, 07:08 IST",
